{
  "MSE": 0.06381797790527344,
  "RMSE": 0.25262220390391943,
  "R2": 0.9311367273330688
}