{
  "MSE": 0.05797442048788071,
  "RMSE": 0.24077877914774945,
  "R2": 0.9401073455810547
}